{
    "accuracy": 0.788433734939759,
    "precision": 0.7763915547024952,
    "recall": 0.7970443349753694,
    "auc": 0.8732781857049913
}